{"parent":"minecraft:item/generated","textures":{"layer0":"minecraft:item/leather_horse_armor"},"overrides":[{"predicate":{"custom_model_data":1},"model":"modelengine:bs_vm_armadillo/bs_vm_armadillo"},{"predicate":{"custom_model_data":2},"model":"modelengine:bs_vm_armadillo/right_back"},{"predicate":{"custom_model_data":3},"model":"modelengine:bs_vm_armadillo/left_back"},{"predicate":{"custom_model_data":4},"model":"modelengine:bs_vm_armadillo/tail"},{"predicate":{"custom_model_data":5},"model":"modelengine:bs_vm_armadillo/right_front"},{"predicate":{"custom_model_data":6},"model":"modelengine:bs_vm_armadillo/left_front"},{"predicate":{"custom_model_data":7},"model":"modelengine:bs_vm_armadillo/torso"},{"predicate":{"custom_model_data":8},"model":"modelengine:bs_vm_armadillo/head"},{"predicate":{"custom_model_data":9},"model":"modelengine:bs_vm_crab/bs_vm_crab"},{"predicate":{"custom_model_data":10},"model":"modelengine:bs_vm_crab/right_leg"},{"predicate":{"custom_model_data":11},"model":"modelengine:bs_vm_crab/left_leg"},{"predicate":{"custom_model_data":12},"model":"modelengine:bs_vm_crab/top"},{"predicate":{"custom_model_data":13},"model":"modelengine:bs_vm_crab/big_claw"},{"predicate":{"custom_model_data":14},"model":"modelengine:bs_vm_crab/little_claw"},{"predicate":{"custom_model_data":15},"model":"modelengine:bs_vm_penguin/bs_vm_penguin"},{"predicate":{"custom_model_data":16},"model":"modelengine:bs_vm_penguin/left_wing"},{"predicate":{"custom_model_data":17},"model":"modelengine:bs_vm_penguin/head"},{"predicate":{"custom_model_data":18},"model":"modelengine:bs_vm_penguin/right_wing"},{"predicate":{"custom_model_data":19},"model":"modelengine:bs_vm_penguin/right_foot"},{"predicate":{"custom_model_data":20},"model":"modelengine:bs_vm_penguin/left_foot"},{"predicate":{"custom_model_data":21},"model":"modelengine:nocsy_otter_v2/body"},{"predicate":{"custom_model_data":22},"model":"modelengine:nocsy_otter_v2/tail"},{"predicate":{"custom_model_data":23},"model":"modelengine:nocsy_otter_v2/head"},{"predicate":{"custom_model_data":24},"model":"modelengine:nocsy_otter_v2/front_leg_left"},{"predicate":{"custom_model_data":25},"model":"modelengine:nocsy_otter_v2/front_leg_right"},{"predicate":{"custom_model_data":26},"model":"modelengine:nocsy_otter_v2/back_leg_left"},{"predicate":{"custom_model_data":27},"model":"modelengine:nocsy_otter_v2/back_leg_right"},{"predicate":{"custom_model_data":3000},"model":"modelengine:nm_cassowary/nm_cassowary"},{"predicate":{"custom_model_data":3001},"model":"modelengine:nm_cassowary/rightleg"},{"predicate":{"custom_model_data":3002},"model":"modelengine:nm_cassowary/leftleg"},{"predicate":{"custom_model_data":3003},"model":"modelengine:nm_cassowary/neck"},{"predicate":{"custom_model_data":3004},"model":"modelengine:nm_cassowary/head"},{"predicate":{"custom_model_data":3005},"model":"modelengine:nm_cassowary_baby/nm_cassowary_baby"},{"predicate":{"custom_model_data":3006},"model":"modelengine:nm_cassowary_baby/rightleg"},{"predicate":{"custom_model_data":3007},"model":"modelengine:nm_cassowary_baby/leftleg"},{"predicate":{"custom_model_data":3008},"model":"modelengine:nm_cassowary_baby/neck"},{"predicate":{"custom_model_data":3009},"model":"modelengine:nm_cassowary_baby/head"},{"predicate":{"custom_model_data":4000},"model":"modelengine:boar/torso"},{"predicate":{"custom_model_data":4001},"model":"modelengine:boar/neck"},{"predicate":{"custom_model_data":4002},"model":"modelengine:boar/leftarm"},{"predicate":{"custom_model_data":4003},"model":"modelengine:boar/leftarm2"},{"predicate":{"custom_model_data":4004},"model":"modelengine:boar/rightarm"},{"predicate":{"custom_model_data":4005},"model":"modelengine:boar/rightarm2"},{"predicate":{"custom_model_data":4006},"model":"modelengine:boar/leftleg"},{"predicate":{"custom_model_data":4007},"model":"modelengine:boar/leftleg2"},{"predicate":{"custom_model_data":4008},"model":"modelengine:boar/rightleg"},{"predicate":{"custom_model_data":4009},"model":"modelengine:boar/rightleg2"},{"predicate":{"custom_model_data":4010},"model":"modelengine:boar_baby/torso"},{"predicate":{"custom_model_data":4011},"model":"modelengine:boar_baby/neck"},{"predicate":{"custom_model_data":4012},"model":"modelengine:boar_baby/leftarm"},{"predicate":{"custom_model_data":4013},"model":"modelengine:boar_baby/leftarm2"},{"predicate":{"custom_model_data":4014},"model":"modelengine:boar_baby/rightarm"},{"predicate":{"custom_model_data":4015},"model":"modelengine:boar_baby/rightarm2"},{"predicate":{"custom_model_data":4016},"model":"modelengine:boar_baby/leftleg"},{"predicate":{"custom_model_data":4017},"model":"modelengine:boar_baby/leftleg2"},{"predicate":{"custom_model_data":4018},"model":"modelengine:boar_baby/rightleg"},{"predicate":{"custom_model_data":4019},"model":"modelengine:boar_baby/rightleg2"},{"predicate":{"custom_model_data":4020},"model":"modelengine:boar_female/torso"},{"predicate":{"custom_model_data":4021},"model":"modelengine:boar_female/neck"},{"predicate":{"custom_model_data":4022},"model":"modelengine:boar_female/leftarm"},{"predicate":{"custom_model_data":4023},"model":"modelengine:boar_female/leftarm2"},{"predicate":{"custom_model_data":4024},"model":"modelengine:boar_female/rightarm"},{"predicate":{"custom_model_data":4025},"model":"modelengine:boar_female/rightarm2"},{"predicate":{"custom_model_data":4026},"model":"modelengine:boar_female/leftleg"},{"predicate":{"custom_model_data":4027},"model":"modelengine:boar_female/leftleg2"},{"predicate":{"custom_model_data":4028},"model":"modelengine:boar_female/rightleg"},{"predicate":{"custom_model_data":4029},"model":"modelengine:boar_female/rightleg2"},{"predicate":{"custom_model_data":5000},"model":"modelengine:hollandlopblack/body"},{"predicate":{"custom_model_data":5001},"model":"modelengine:hollandlopblack/leftarm"},{"predicate":{"custom_model_data":5002},"model":"modelengine:hollandlopblack/rightarm"},{"predicate":{"custom_model_data":5003},"model":"modelengine:hollandlopblack/leftleg"},{"predicate":{"custom_model_data":5004},"model":"modelengine:hollandlopblack/rightleg"},{"predicate":{"custom_model_data":5005},"model":"modelengine:hollandlopblack/head"},{"predicate":{"custom_model_data":5006},"model":"modelengine:hollandlopbrown/body"},{"predicate":{"custom_model_data":5007},"model":"modelengine:hollandlopbrown/leftarm"},{"predicate":{"custom_model_data":5008},"model":"modelengine:hollandlopbrown/rightarm"},{"predicate":{"custom_model_data":5009},"model":"modelengine:hollandlopbrown/leftleg"},{"predicate":{"custom_model_data":5010},"model":"modelengine:hollandlopbrown/rightleg"},{"predicate":{"custom_model_data":5011},"model":"modelengine:hollandlopbrown/head"},{"predicate":{"custom_model_data":5012},"model":"modelengine:hollandlopgray/body"},{"predicate":{"custom_model_data":5013},"model":"modelengine:hollandlopgray/leftarm"},{"predicate":{"custom_model_data":5014},"model":"modelengine:hollandlopgray/rightarm"},{"predicate":{"custom_model_data":5015},"model":"modelengine:hollandlopgray/leftleg"},{"predicate":{"custom_model_data":5016},"model":"modelengine:hollandlopgray/rightleg"},{"predicate":{"custom_model_data":5017},"model":"modelengine:hollandlopgray/head"},{"predicate":{"custom_model_data":5018},"model":"modelengine:hollandloppet/body"},{"predicate":{"custom_model_data":5019},"model":"modelengine:hollandloppet/leftarm"},{"predicate":{"custom_model_data":5020},"model":"modelengine:hollandloppet/rightarm"},{"predicate":{"custom_model_data":5021},"model":"modelengine:hollandloppet/leftleg"},{"predicate":{"custom_model_data":5022},"model":"modelengine:hollandloppet/rightleg"},{"predicate":{"custom_model_data":5023},"model":"modelengine:hollandloppet/head"},{"predicate":{"custom_model_data":5024},"model":"modelengine:hollandlopwhite/body"},{"predicate":{"custom_model_data":5025},"model":"modelengine:hollandlopwhite/leftarm"},{"predicate":{"custom_model_data":5026},"model":"modelengine:hollandlopwhite/rightarm"},{"predicate":{"custom_model_data":5027},"model":"modelengine:hollandlopwhite/leftleg"},{"predicate":{"custom_model_data":5028},"model":"modelengine:hollandlopwhite/rightleg"},{"predicate":{"custom_model_data":5029},"model":"modelengine:hollandlopwhite/head"},{"predicate":{"custom_model_data":6000},"model":"modelengine:babydeer/torso"},{"predicate":{"custom_model_data":6001},"model":"modelengine:babydeer/neck"},{"predicate":{"custom_model_data":6002},"model":"modelengine:babydeer/head"},{"predicate":{"custom_model_data":6003},"model":"modelengine:babydeer/leftleg"},{"predicate":{"custom_model_data":6004},"model":"modelengine:babydeer/leftleg_low"},{"predicate":{"custom_model_data":6005},"model":"modelengine:babydeer/rightleg"},{"predicate":{"custom_model_data":6006},"model":"modelengine:babydeer/rightleg_low"},{"predicate":{"custom_model_data":6007},"model":"modelengine:babydeer/leftarm"},{"predicate":{"custom_model_data":6008},"model":"modelengine:babydeer/leftarm_low"},{"predicate":{"custom_model_data":6009},"model":"modelengine:babydeer/rightarm"},{"predicate":{"custom_model_data":6010},"model":"modelengine:babydeer/rightarm_low"},{"predicate":{"custom_model_data":6011},"model":"modelengine:deer/torso"},{"predicate":{"custom_model_data":6012},"model":"modelengine:deer/neck"},{"predicate":{"custom_model_data":6013},"model":"modelengine:deer/head"},{"predicate":{"custom_model_data":6014},"model":"modelengine:deer/leftleg"},{"predicate":{"custom_model_data":6015},"model":"modelengine:deer/leftleg_low"},{"predicate":{"custom_model_data":6016},"model":"modelengine:deer/rightleg"},{"predicate":{"custom_model_data":6017},"model":"modelengine:deer/rightleg_low"},{"predicate":{"custom_model_data":6018},"model":"modelengine:deer/leftarm"},{"predicate":{"custom_model_data":6019},"model":"modelengine:deer/leftarm_low"},{"predicate":{"custom_model_data":6020},"model":"modelengine:deer/rightarm"},{"predicate":{"custom_model_data":6021},"model":"modelengine:deer/rightarm_low"},{"predicate":{"custom_model_data":6022},"model":"modelengine:femaledeer/torso"},{"predicate":{"custom_model_data":6023},"model":"modelengine:femaledeer/neck"},{"predicate":{"custom_model_data":6024},"model":"modelengine:femaledeer/head"},{"predicate":{"custom_model_data":6025},"model":"modelengine:femaledeer/leftleg"},{"predicate":{"custom_model_data":6026},"model":"modelengine:femaledeer/leftleg_low"},{"predicate":{"custom_model_data":6027},"model":"modelengine:femaledeer/rightleg"},{"predicate":{"custom_model_data":6028},"model":"modelengine:femaledeer/rightleg_low"},{"predicate":{"custom_model_data":6029},"model":"modelengine:femaledeer/leftarm"},{"predicate":{"custom_model_data":6030},"model":"modelengine:femaledeer/leftarm_low"},{"predicate":{"custom_model_data":6031},"model":"modelengine:femaledeer/rightarm"},{"predicate":{"custom_model_data":6032},"model":"modelengine:femaledeer/rightarm_low"},{"predicate":{"custom_model_data":7000},"model":"modelengine:blackeagle/head"},{"predicate":{"custom_model_data":7001},"model":"modelengine:blackeagle/torso"},{"predicate":{"custom_model_data":7002},"model":"modelengine:blackeagle/rightleg"},{"predicate":{"custom_model_data":7003},"model":"modelengine:blackeagle/leftleg"},{"predicate":{"custom_model_data":7004},"model":"modelengine:blackeagle/leftwing"},{"predicate":{"custom_model_data":7005},"model":"modelengine:blackeagle/rightwing"},{"predicate":{"custom_model_data":7006},"model":"modelengine:browneagle/head"},{"predicate":{"custom_model_data":7007},"model":"modelengine:browneagle/torso"},{"predicate":{"custom_model_data":7008},"model":"modelengine:browneagle/rightleg"},{"predicate":{"custom_model_data":7009},"model":"modelengine:browneagle/leftleg"},{"predicate":{"custom_model_data":7010},"model":"modelengine:browneagle/leftwing"},{"predicate":{"custom_model_data":7011},"model":"modelengine:browneagle/rightwing"},{"predicate":{"custom_model_data":7012},"model":"modelengine:brownheadeagle/head"},{"predicate":{"custom_model_data":7013},"model":"modelengine:brownheadeagle/torso"},{"predicate":{"custom_model_data":7014},"model":"modelengine:brownheadeagle/rightleg"},{"predicate":{"custom_model_data":7015},"model":"modelengine:brownheadeagle/leftleg"},{"predicate":{"custom_model_data":7016},"model":"modelengine:brownheadeagle/leftwing"},{"predicate":{"custom_model_data":7017},"model":"modelengine:brownheadeagle/rightwing"},{"predicate":{"custom_model_data":8000},"model":"modelengine:mole/torso"},{"predicate":{"custom_model_data":8001},"model":"modelengine:mole/molehead"},{"predicate":{"custom_model_data":8002},"model":"modelengine:mole/molerightarm"},{"predicate":{"custom_model_data":8003},"model":"modelengine:mole/molerightarm2"},{"predicate":{"custom_model_data":8004},"model":"modelengine:mole/moleleftarm"},{"predicate":{"custom_model_data":8005},"model":"modelengine:mole/moleleftarm2"},{"predicate":{"custom_model_data":8006},"model":"modelengine:mole/molerightleg"},{"predicate":{"custom_model_data":8007},"model":"modelengine:mole/molerightleg2"},{"predicate":{"custom_model_data":8008},"model":"modelengine:mole/moleleftleg3"},{"predicate":{"custom_model_data":8009},"model":"modelengine:mole/moleleftleg4"},{"predicate":{"custom_model_data":9000},"model":"modelengine:blackwolf/torso"},{"predicate":{"custom_model_data":9001},"model":"modelengine:blackwolf/leftleg"},{"predicate":{"custom_model_data":9002},"model":"modelengine:blackwolf/leftleg_low"},{"predicate":{"custom_model_data":9003},"model":"modelengine:blackwolf/rightleg"},{"predicate":{"custom_model_data":9004},"model":"modelengine:blackwolf/rightleg_low"},{"predicate":{"custom_model_data":9005},"model":"modelengine:blackwolf/leftarm"},{"predicate":{"custom_model_data":9006},"model":"modelengine:blackwolf/leftarm_low"},{"predicate":{"custom_model_data":9007},"model":"modelengine:blackwolf/rightarm"},{"predicate":{"custom_model_data":9008},"model":"modelengine:blackwolf/rightarm_low"},{"predicate":{"custom_model_data":9009},"model":"modelengine:blackwolf/tail"},{"predicate":{"custom_model_data":9010},"model":"modelengine:blackwolf/head"},{"predicate":{"custom_model_data":9011},"model":"modelengine:blackwolf/yaw"},{"predicate":{"custom_model_data":9012},"model":"modelengine:bluegraywolf/torso"},{"predicate":{"custom_model_data":9013},"model":"modelengine:bluegraywolf/leftleg"},{"predicate":{"custom_model_data":9014},"model":"modelengine:bluegraywolf/leftleg_low"},{"predicate":{"custom_model_data":9015},"model":"modelengine:bluegraywolf/rightleg"},{"predicate":{"custom_model_data":9016},"model":"modelengine:bluegraywolf/rightleg_low"},{"predicate":{"custom_model_data":9017},"model":"modelengine:bluegraywolf/leftarm"},{"predicate":{"custom_model_data":9018},"model":"modelengine:bluegraywolf/leftarm_low"},{"predicate":{"custom_model_data":9019},"model":"modelengine:bluegraywolf/rightarm"},{"predicate":{"custom_model_data":9020},"model":"modelengine:bluegraywolf/rightarm_low"},{"predicate":{"custom_model_data":9021},"model":"modelengine:bluegraywolf/tail"},{"predicate":{"custom_model_data":9022},"model":"modelengine:bluegraywolf/head"},{"predicate":{"custom_model_data":9023},"model":"modelengine:bluegraywolf/yaw"},{"predicate":{"custom_model_data":9024},"model":"modelengine:brownwolf/torso"},{"predicate":{"custom_model_data":9025},"model":"modelengine:brownwolf/leftleg"},{"predicate":{"custom_model_data":9026},"model":"modelengine:brownwolf/leftleg_low"},{"predicate":{"custom_model_data":9027},"model":"modelengine:brownwolf/rightleg"},{"predicate":{"custom_model_data":9028},"model":"modelengine:brownwolf/rightleg_low"},{"predicate":{"custom_model_data":9029},"model":"modelengine:brownwolf/leftarm"},{"predicate":{"custom_model_data":9030},"model":"modelengine:brownwolf/leftarm_low"},{"predicate":{"custom_model_data":9031},"model":"modelengine:brownwolf/rightarm"},{"predicate":{"custom_model_data":9032},"model":"modelengine:brownwolf/rightarm_low"},{"predicate":{"custom_model_data":9033},"model":"modelengine:brownwolf/tail"},{"predicate":{"custom_model_data":9034},"model":"modelengine:brownwolf/head"},{"predicate":{"custom_model_data":9035},"model":"modelengine:brownwolf/yaw"},{"predicate":{"custom_model_data":9036},"model":"modelengine:darkbrownwolf/torso"},{"predicate":{"custom_model_data":9037},"model":"modelengine:darkbrownwolf/leftleg"},{"predicate":{"custom_model_data":9038},"model":"modelengine:darkbrownwolf/leftleg_low"},{"predicate":{"custom_model_data":9039},"model":"modelengine:darkbrownwolf/rightleg"},{"predicate":{"custom_model_data":9040},"model":"modelengine:darkbrownwolf/rightleg_low"},{"predicate":{"custom_model_data":9041},"model":"modelengine:darkbrownwolf/leftarm"},{"predicate":{"custom_model_data":9042},"model":"modelengine:darkbrownwolf/leftarm_low"},{"predicate":{"custom_model_data":9043},"model":"modelengine:darkbrownwolf/rightarm"},{"predicate":{"custom_model_data":9044},"model":"modelengine:darkbrownwolf/rightarm_low"},{"predicate":{"custom_model_data":9045},"model":"modelengine:darkbrownwolf/tail"},{"predicate":{"custom_model_data":9046},"model":"modelengine:darkbrownwolf/head"},{"predicate":{"custom_model_data":9047},"model":"modelengine:darkbrownwolf/yaw"},{"predicate":{"custom_model_data":9048},"model":"modelengine:evilwolf/torso"},{"predicate":{"custom_model_data":9049},"model":"modelengine:evilwolf/leftleg"},{"predicate":{"custom_model_data":9050},"model":"modelengine:evilwolf/leftleg_low"},{"predicate":{"custom_model_data":9051},"model":"modelengine:evilwolf/rightleg"},{"predicate":{"custom_model_data":9052},"model":"modelengine:evilwolf/rightleg_low"},{"predicate":{"custom_model_data":9053},"model":"modelengine:evilwolf/leftarm"},{"predicate":{"custom_model_data":9054},"model":"modelengine:evilwolf/leftarm_low"},{"predicate":{"custom_model_data":9055},"model":"modelengine:evilwolf/rightarm"},{"predicate":{"custom_model_data":9056},"model":"modelengine:evilwolf/rightarm_low"},{"predicate":{"custom_model_data":9057},"model":"modelengine:evilwolf/tail"},{"predicate":{"custom_model_data":9058},"model":"modelengine:evilwolf/head"},{"predicate":{"custom_model_data":9059},"model":"modelengine:evilwolf/yaw"},{"predicate":{"custom_model_data":9060},"model":"modelengine:grayscalewolf/torso"},{"predicate":{"custom_model_data":9061},"model":"modelengine:grayscalewolf/leftleg"},{"predicate":{"custom_model_data":9062},"model":"modelengine:grayscalewolf/leftleg_low"},{"predicate":{"custom_model_data":9063},"model":"modelengine:grayscalewolf/rightleg"},{"predicate":{"custom_model_data":9064},"model":"modelengine:grayscalewolf/rightleg_low"},{"predicate":{"custom_model_data":9065},"model":"modelengine:grayscalewolf/leftarm"},{"predicate":{"custom_model_data":9066},"model":"modelengine:grayscalewolf/leftarm_low"},{"predicate":{"custom_model_data":9067},"model":"modelengine:grayscalewolf/rightarm"},{"predicate":{"custom_model_data":9068},"model":"modelengine:grayscalewolf/rightarm_low"},{"predicate":{"custom_model_data":9069},"model":"modelengine:grayscalewolf/tail"},{"predicate":{"custom_model_data":9070},"model":"modelengine:grayscalewolf/head"},{"predicate":{"custom_model_data":9071},"model":"modelengine:grayscalewolf/yaw"},{"predicate":{"custom_model_data":9072},"model":"modelengine:graywolf/torso"},{"predicate":{"custom_model_data":9073},"model":"modelengine:graywolf/leftleg"},{"predicate":{"custom_model_data":9074},"model":"modelengine:graywolf/leftleg_low"},{"predicate":{"custom_model_data":9075},"model":"modelengine:graywolf/rightleg"},{"predicate":{"custom_model_data":9076},"model":"modelengine:graywolf/rightleg_low"},{"predicate":{"custom_model_data":9077},"model":"modelengine:graywolf/leftarm"},{"predicate":{"custom_model_data":9078},"model":"modelengine:graywolf/leftarm_low"},{"predicate":{"custom_model_data":9079},"model":"modelengine:graywolf/rightarm"},{"predicate":{"custom_model_data":9080},"model":"modelengine:graywolf/rightarm_low"},{"predicate":{"custom_model_data":9081},"model":"modelengine:graywolf/tail"},{"predicate":{"custom_model_data":9082},"model":"modelengine:graywolf/head"},{"predicate":{"custom_model_data":9083},"model":"modelengine:graywolf/yaw"},{"predicate":{"custom_model_data":9084},"model":"modelengine:redwolf/torso"},{"predicate":{"custom_model_data":9085},"model":"modelengine:redwolf/leftleg"},{"predicate":{"custom_model_data":9086},"model":"modelengine:redwolf/leftleg_low"},{"predicate":{"custom_model_data":9087},"model":"modelengine:redwolf/rightleg"},{"predicate":{"custom_model_data":9088},"model":"modelengine:redwolf/rightleg_low"},{"predicate":{"custom_model_data":9089},"model":"modelengine:redwolf/leftarm"},{"predicate":{"custom_model_data":9090},"model":"modelengine:redwolf/leftarm_low"},{"predicate":{"custom_model_data":9091},"model":"modelengine:redwolf/rightarm"},{"predicate":{"custom_model_data":9092},"model":"modelengine:redwolf/rightarm_low"},{"predicate":{"custom_model_data":9093},"model":"modelengine:redwolf/tail"},{"predicate":{"custom_model_data":9094},"model":"modelengine:redwolf/head"},{"predicate":{"custom_model_data":9095},"model":"modelengine:redwolf/yaw"},{"predicate":{"custom_model_data":9096},"model":"modelengine:spectralwolf/torso"},{"predicate":{"custom_model_data":9097},"model":"modelengine:spectralwolf/leftleg"},{"predicate":{"custom_model_data":9098},"model":"modelengine:spectralwolf/leftleg_low"},{"predicate":{"custom_model_data":9099},"model":"modelengine:spectralwolf/rightleg"},{"predicate":{"custom_model_data":9100},"model":"modelengine:spectralwolf/rightleg_low"},{"predicate":{"custom_model_data":9101},"model":"modelengine:spectralwolf/leftarm"},{"predicate":{"custom_model_data":9102},"model":"modelengine:spectralwolf/leftarm_low"},{"predicate":{"custom_model_data":9103},"model":"modelengine:spectralwolf/rightarm"},{"predicate":{"custom_model_data":9104},"model":"modelengine:spectralwolf/rightarm_low"},{"predicate":{"custom_model_data":9105},"model":"modelengine:spectralwolf/tail"},{"predicate":{"custom_model_data":9106},"model":"modelengine:spectralwolf/head"},{"predicate":{"custom_model_data":9107},"model":"modelengine:spectralwolf/yaw"},{"predicate":{"custom_model_data":9108},"model":"modelengine:whitewolf/torso"},{"predicate":{"custom_model_data":9109},"model":"modelengine:whitewolf/leftleg"},{"predicate":{"custom_model_data":9110},"model":"modelengine:whitewolf/leftleg_low"},{"predicate":{"custom_model_data":9111},"model":"modelengine:whitewolf/rightleg"},{"predicate":{"custom_model_data":9112},"model":"modelengine:whitewolf/rightleg_low"},{"predicate":{"custom_model_data":9113},"model":"modelengine:whitewolf/leftarm"},{"predicate":{"custom_model_data":9114},"model":"modelengine:whitewolf/leftarm_low"},{"predicate":{"custom_model_data":9115},"model":"modelengine:whitewolf/rightarm"},{"predicate":{"custom_model_data":9116},"model":"modelengine:whitewolf/rightarm_low"},{"predicate":{"custom_model_data":9117},"model":"modelengine:whitewolf/tail"},{"predicate":{"custom_model_data":9118},"model":"modelengine:whitewolf/head"},{"predicate":{"custom_model_data":9119},"model":"modelengine:whitewolf/yaw"}]}